cycle,estimated_SOH,actual_SOH,degradation_rate,predicted_EOL_cycle,RUL,health_status
513.0,97.30455805415868,97.3218070671517,-0.04532237078160908,894.8105221711069,381.81052217110687,Healthy
514.0,97.25460010691859,97.26071581119972,-0.04213519856350922,923.5056080229741,409.5056080229741,Healthy
515.0,97.19116938945744,97.19514415547482,-0.0385145715814789,961.3549426504442,446.3549426504442,Healthy
516.0,97.16853254712511,97.1352665207073,-0.03483616796845016,1008.8364268617036,492.83642686170356,Healthy
517.0,97.13670148434544,97.13402176622424,-0.02990739722006399,1089.9920714347195,572.9920714347195,Healthy
518.0,97.18469937630346,97.19557707882744,-0.020120476174196995,1372.0900934711249,854.0900934711249,Healthy
519.0,97.15711952452357,97.1170772692475,0.00890252828316833,,,Healthy
520.0,97.17248595764481,97.14787519849727,-0.002503803376953083,7378.5601072805775,6858.5601072805775,Healthy
521.0,97.0483963385091,96.98600669373054,-0.005018733296570618,3917.9520456802397,3396.9520456802397,Healthy
522.0,97.01270125954352,97.00346199192316,-0.006219809732864167,3257.244644165236,2735.244644165236,Healthy
523.0,97.05173912093679,97.07793762535444,-0.007411474487972472,2823.721556636103,2300.721556636103,Healthy
524.0,96.97770102798636,96.9691943031088,-0.007672170836165664,2736.894028370116,2212.894028370116,Healthy
525.0,96.95729196940698,96.94401398243212,-0.008058261803377154,2629.3361934828567,2104.3361934828567,Healthy
526.0,96.94911809943906,96.8968819982908,-0.020054336834958126,1371.159739707466,845.1597397074661,Healthy
575.0,100.0,101.26850081136304,0.03813183855757204,,,Healthy
576.0,100.0,101.27490161079956,0.04366374346354561,,,Healthy
577.0,100.0,100.86540400088766,0.04577142025275278,,,Healthy
578.0,100.0,100.6041705201609,0.04709285489742124,,,Healthy
579.0,100.0,100.5518258448835,0.04786760241038034,,,Healthy
580.0,99.09478395805867,99.61532490772426,0.045826497485029836,,,Healthy
581.0,100.0,100.57017033744592,0.04676827512535531,,,Healthy
582.0,99.90948390317048,100.4656320886981,0.04727145336343381,,,Healthy
583.0,99.77221840958269,100.25711030479565,0.04732344145548892,,,Healthy
584.0,99.84235284937893,100.27275332597598,0.04749382117666149,,,Healthy
585.0,99.47731620212484,99.97745450742174,0.04691913316030407,,,Healthy
586.0,99.7581100402217,100.16310146653456,0.04703686770004165,,,Healthy
587.0,99.8368893095135,99.90346807658317,0.04725144173300578,,,Healthy
588.0,99.51342051376986,99.81745272424205,0.04699621537200607,,,Healthy
589.0,99.44213021285995,99.52940895443956,0.046259996251508555,,,Healthy
590.0,99.4655582947683,99.29976466673472,0.04530006240158183,,,Healthy
591.0,97.88677653335407,97.6995973239692,0.041273495358583705,,,Healthy
592.0,99.27569975924095,99.0333270252304,0.03818182444599169,,,Healthy
593.0,99.045223392246,98.8655451271459,0.029540362182406885,,,Healthy
594.0,98.92741498344499,98.64303916891248,-0.06156079692910997,901.4589012426327,307.4589012426327,Healthy
595.0,98.95687802309317,98.32491952886409,-0.06330070240632774,894.4734229236321,299.47342292363214,Healthy
596.0,98.91321814210905,98.32168928892531,-0.06409571599248137,891.0777263230451,295.0777263230451,Healthy
597.0,99.16438924025174,98.76023489726803,-0.059668312600820665,918.1820211585496,321.18202115854956,Healthy
598.0,98.54874190289358,98.11584468549478,-0.0627793136379633,893.4594567545091,295.4594567545091,Healthy
599.0,98.40316706760002,97.72236470700209,-0.06578761217613203,878.7360545375859,279.7360545375859,Healthy
600.0,98.26306647444648,97.44417806463088,-0.08268898010218453,820.8645753264526,220.8645753264526,Healthy
601.0,98.52682384038256,97.452329246687,-0.0802787978020882,831.7810324471582,230.78103244715817,Healthy
602.0,97.40693351232059,96.37745828771055,-0.09308094779324184,789.0085546505836,187.00855465058362,Healthy
690.0,81.23675191956985,84.07796133283954,-0.1776922407807833,696.9600783587147,6.960078358714668,Degrading
691.0,88.1253562979581,88.59590039520208,-0.14530182830402186,746.9205372210255,55.920537221025484,Degrading
692.0,88.92866975895417,88.43591625347634,-0.13117160444117884,760.0686174190852,68.06861741908517,Degrading
693.0,86.94805390428257,88.10183116488972,-0.12862521896999957,747.017819832852,54.017819832851956,Degrading
694.0,88.2098862139736,87.39356883176927,-0.12402850813413278,760.1935416097634,66.19354160976343,Degrading
695.0,87.39033346194368,87.16058123570423,-0.12232400964331033,755.4160498294118,60.416049829411804,Degrading
696.0,85.40167115915347,86.54880843741694,-0.12394909128162632,739.579756037745,43.57975603774503,Degrading
697.0,86.33678227519489,86.3101938668196,-0.12361946197883006,748.2603935800988,51.26039358009882,Degrading
698.0,84.97458637617927,85.88016097097287,-0.12640172671931557,737.3553672508424,39.35536725084239,Degrading
699.0,83.81273168476433,85.506164457834,-0.12862935360408578,728.6412255673748,29.641225567374818,Degrading
700.0,83.74997233654223,85.12782787226723,-0.13056286734096562,728.7215838079686,28.721583807968614,Degrading
701.0,83.2310353981111,84.57775980310272,-0.13265410172490577,725.3568450285203,24.356845028520297,Degrading
702.0,83.00143238556957,84.28137602280124,-0.1344249546484793,724.3279404736888,22.32794047368884,Degrading
703.0,83.24162826711974,83.67209648069174,-0.135562693999485,726.912391908736,23.912391908736026,Degrading
704.0,83.24093752863749,83.0488696350224,-0.1356785910494906,727.8868748825325,23.88687488253254,Degrading
705.0,82.39783919294861,82.72652865058122,-0.13726942066607994,722.4681234998549,17.46812349985487,Degrading
706.0,82.15572629575976,82.4524137815249,-0.13913253816445148,721.4940485108648,15.494048510864786,Degrading
707.0,82.74049628262068,81.84843733183602,-0.14088072031456242,726.4525998767016,19.452599876701584,Degrading
708.0,82.1769279654379,81.49778883646051,-0.1415615976130146,723.377955618931,15.377955618930969,Degrading
709.0,81.6389204958696,81.06140090211733,-0.2909567536577199,714.6328663118012,5.632866311801195,Degrading
710.0,81.98092691023167,80.50890987266203,-0.37687410463201493,715.2562032941103,5.256203294110264,Degrading
711.0,80.94224027416165,80.48918265654375,-0.36998145870443105,713.5467229559587,2.5467229559586713,Degrading
712.0,81.05496527562295,79.9584168423176,-0.33799288062927185,715.1212647842133,3.121264784213281,Degrading
713.0,80.17008391073892,79.48005744662265,-0.33807818970767484,713.5030904563408,0.5030904563408285,Degrading
714.0,79.63944741692546,79.0553095007465,-0.31562791599800016,,,Severely degraded
